Column 1,Column 2,Column 3,Column 4,Column 5
7682.0,1686643752.0,tabzhang,5.188.62.174,俄罗斯圣彼得堡
7665.0,1686630529.0,gQ5datt2wOUxH5SL_gz_wp,5.188.62.174,俄罗斯圣彼得堡
7647.0,1686626941.0,gQ5datt2wOUxH5SL,5.188.62.174,俄罗斯圣彼得堡
7626.0,1686615112.0,tabzhang,5.188.62.76,俄罗斯圣彼得堡
7613.0,1686609758.0,tabzhang,5.188.62.26,俄罗斯圣彼得堡
7585.0,1686592021.0,alireza,92.53.96.242,俄罗斯圣彼得堡
7240.0,1686321874.0,tabzhang,5.188.62.140,俄罗斯圣彼得堡
7172.0,1686266453.0,tabzhang,92.53.96.242,俄罗斯圣彼得堡
7091.0,1686201169.0,tabzhang,5.188.62.140,俄罗斯圣彼得堡
7090.0,1686195871.0,tabzhang,5.188.62.76,俄罗斯圣彼得堡
7081.0,1686191673.0,tabzhang,5.188.62.21,俄罗斯圣彼得堡
7033.0,1686151407.0,tabzhang,5.188.62.26,俄罗斯圣彼得堡
6999.0,1686126080.0,tabzhang,5.188.62.140,俄罗斯圣彼得堡
6998.0,1686123465.0,tabzhang,5.188.62.76,俄罗斯圣彼得堡
6982.0,1686116110.0,tabzhang,5.188.62.21,俄罗斯圣彼得堡
6972.0,1686102248.0,tabzhang,5.188.62.174,俄罗斯圣彼得堡
6940.0,1686084660.0,tabzhang,5.188.62.140,俄罗斯圣彼得堡
6924.0,1686070024.0,tabzhang,5.188.62.26,俄罗斯圣彼得堡
6898.0,1686045119.0,tabzhang,5.188.62.76,俄罗斯圣彼得堡
6883.0,1686040048.0,tabzhang,5.188.62.140,俄罗斯圣彼得堡
6868.0,1686030694.0,tabzhang,5.188.62.21,俄罗斯圣彼得堡
6810.0,1685986753.0,tabzhang,5.188.62.26,俄罗斯圣彼得堡
6761.0,1685959860.0,tabzhang,5.188.62.76,俄罗斯圣彼得堡
6745.0,1685953454.0,tabzhang,5.188.62.140,俄罗斯圣彼得堡
6744.0,1685948749.0,tabzhang,5.188.62.174,俄罗斯圣彼得堡
6726.0,1685941918.0,tabzhang,5.188.62.21,俄罗斯圣彼得堡
6597.0,1684986364.0,admin,188.225.23.115,俄罗斯圣彼得堡
6517.0,1684964142.0,user,188.225.23.115,俄罗斯圣彼得堡
6384.0,1684918124.0,css,5.188.62.26,俄罗斯圣彼得堡
6383.0,1684918123.0,html,5.188.62.26,俄罗斯圣彼得堡
6188.0,1684799511.0,tabzhang,5.23.51.195,俄罗斯圣彼得堡
5987.0,1684728962.0,tabzhang,188.225.23.115,俄罗斯圣彼得堡
5907.0,1684676086.0,tabzhang,5.23.50.207,俄罗斯圣彼得堡
5902.0,1684676041.0,tabzhang,5.23.51.195,俄罗斯圣彼得堡
5886.0,1684667211.0,tabzhang,92.53.96.177,俄罗斯圣彼得堡
5826.0,1684643038.0,tabzhang,77.222.40.199,俄罗斯圣彼得堡
5810.0,1684638840.0,tabzhang,77.222.40.199,俄罗斯圣彼得堡
5800.0,1684244474.0,tabzhang,5.188.62.21,俄罗斯圣彼得堡
5798.0,1684116454.0,tabzhang,5.188.62.140,俄罗斯圣彼得堡
5797.0,1684096081.0,tabzhang,5.188.62.174,俄罗斯圣彼得堡
5796.0,1684084495.0,tabzhang,5.188.62.26,俄罗斯圣彼得堡
5795.0,1684067015.0,tabzhang,5.188.62.76,俄罗斯圣彼得堡
5794.0,1683927354.0,tabzhang,5.188.62.21,俄罗斯圣彼得堡
5791.0,1683832750.0,tabzhang,5.188.62.140,俄罗斯圣彼得堡
5790.0,1683823377.0,tabzhang,5.188.62.76,俄罗斯圣彼得堡
5789.0,1683817520.0,tabzhang,5.188.62.26,俄罗斯圣彼得堡
5788.0,1683685167.0,tabzhang,5.188.62.26,俄罗斯圣彼得堡
5787.0,1683667302.0,tabzhang,5.188.62.174,俄罗斯圣彼得堡
5786.0,1683581301.0,tabzhang,5.188.62.21,俄罗斯圣彼得堡
5785.0,1683506695.0,tabzhang,5.188.62.26,俄罗斯圣彼得堡
5784.0,1683465687.0,tabzhang,5.188.62.76,俄罗斯圣彼得堡
5783.0,1683451853.0,tabzhang,5.188.62.26,俄罗斯圣彼得堡
5782.0,1683437046.0,tabzhang,5.188.62.174,俄罗斯圣彼得堡
5781.0,1683275373.0,tabzhang,5.188.62.140,俄罗斯圣彼得堡
5780.0,1683201063.0,tabzhang,5.188.62.76,俄罗斯圣彼得堡
5779.0,1683200405.0,tabzhang,5.188.62.174,俄罗斯圣彼得堡
5778.0,1683200404.0,tabzhang,5.188.62.174,俄罗斯圣彼得堡
5776.0,1683199756.0,tabzhang,5.188.62.26,俄罗斯圣彼得堡
5777.0,1683199756.0,tabzhang,5.188.62.26,俄罗斯圣彼得堡
5775.0,1683199755.0,tabzhang,5.188.62.21,俄罗斯圣彼得堡
5772.0,1683032948.0,tabzhang,5.188.62.140,俄罗斯圣彼得堡
5771.0,1682937203.0,tabzhang,5.188.62.140,俄罗斯圣彼得堡
5770.0,1682926653.0,tabzhang,5.188.62.76,俄罗斯圣彼得堡
5769.0,1682889940.0,tabzhang,5.188.62.21,俄罗斯圣彼得堡
5767.0,1682856457.0,tabzhang,5.188.62.21,俄罗斯圣彼得堡
5766.0,1682841170.0,tabzhang,5.188.62.140,俄罗斯圣彼得堡
5765.0,1682831922.0,tabzhang,5.188.62.76,俄罗斯圣彼得堡
5761.0,1682737269.0,tabzhang,5.188.62.26,俄罗斯圣彼得堡
5662.0,1682712154.0,admin,5.23.51.23,俄罗斯圣彼得堡
5518.0,1682694953.0,tabzhang,5.188.62.174,俄罗斯圣彼得堡
5504.0,1682691903.0,Admin,5.23.50.207,俄罗斯圣彼得堡
5296.0,1682668551.0,Admin,5.23.50.207,俄罗斯圣彼得堡
5121.0,1682643737.0,tabzhang,5.188.62.26,俄罗斯圣彼得堡
5052.0,1682635979.0,tabzhang,5.23.50.207,俄罗斯圣彼得堡
4798.0,1682604143.0,tabzhang,5.23.51.23,俄罗斯圣彼得堡
4710.0,1682592382.0,tabzhang,185.50.25.49,俄罗斯圣彼得堡
4701.0,1682590834.0,tabzhang,185.50.25.47,俄罗斯圣彼得堡
4699.0,1682590825.0,tabzhang,185.50.25.34,俄罗斯圣彼得堡
4693.0,1682587985.0,tabzhang,185.50.25.38,俄罗斯圣彼得堡
4688.0,1682587968.0,tabzhang,185.50.25.16,俄罗斯圣彼得堡
4680.0,1682587500.0,tabzhang,185.50.25.47,俄罗斯圣彼得堡
4672.0,1682585273.0,tabzhang,5.23.51.23,俄罗斯圣彼得堡
4561.0,1682558327.0,tabzhang,92.53.96.137,俄罗斯圣彼得堡
4495.0,1682543428.0,tabzhang,5.23.50.207,俄罗斯圣彼得堡
4489.0,1682541230.0,tabzhang,5.23.50.207,俄罗斯圣彼得堡
4471.0,1682538021.0,tabzhang,5.23.50.207,俄罗斯圣彼得堡
4384.0,1682515692.0,tabzhang,5.23.50.207,俄罗斯圣彼得堡
4374.0,1682513564.0,tabzhang,5.23.51.23,俄罗斯圣彼得堡
4350.0,1682506838.0,tabzhang,5.23.50.207,俄罗斯圣彼得堡
4326.0,1682501177.0,tabzhang,5.23.50.207,俄罗斯圣彼得堡
4317.0,1682501159.0,tabzhang,5.23.50.207,俄罗斯圣彼得堡
4289.0,1682495363.0,tabzhang,5.188.62.21,俄罗斯圣彼得堡
4107.0,1682266001.0,tabzhang,5.188.62.174,俄罗斯圣彼得堡
4106.0,1682212354.0,tabzhang,5.188.62.26,俄罗斯圣彼得堡
4105.0,1682186295.0,tabzhang,5.188.62.140,俄罗斯圣彼得堡
4104.0,1682129433.0,tabzhang,5.188.62.21,俄罗斯圣彼得堡
4103.0,1682069999.0,tabzhang,5.188.62.174,俄罗斯圣彼得堡
4102.0,1682069993.0,tabzhang,5.188.62.174,俄罗斯圣彼得堡
245.0,1681877224.0,tabzhang,5.188.62.26,俄罗斯圣彼得堡
70.0,1681833532.0,tabzhang,5.188.62.140,俄罗斯圣彼得堡
246.0,1681700880.0,tabzhang,5.188.62.21,俄罗斯圣彼得堡
4015.0,1681675577.0,tabzhang,5.188.62.174,俄罗斯圣彼得堡
72.0,1681627529.0,tabzhang,5.188.62.76,俄罗斯圣彼得堡
71.0,1681619105.0,tabzhang,5.188.62.140,俄罗斯圣彼得堡
4014.0,1681576041.0,tabzhang,5.188.62.76,俄罗斯圣彼得堡
4013.0,1681575196.0,tabzhang,5.188.62.140,俄罗斯圣彼得堡
4012.0,1681565964.0,tabzhang,5.188.62.26,俄罗斯圣彼得堡
4011.0,1681529992.0,tabzhang,5.188.62.140,俄罗斯圣彼得堡
73.0,1681525416.0,tabzhang,5.188.62.76,俄罗斯圣彼得堡
248.0,1681472187.0,tabzhang,5.188.62.140,俄罗斯圣彼得堡
247.0,1681461696.0,tabzhang,5.188.62.76,俄罗斯圣彼得堡
3911.0,1681396675.0,tabzhang,5.188.62.140,俄罗斯圣彼得堡
1184.0,1681372394.0,tabzhang,5.188.62.76,俄罗斯圣彼得堡
261.0,1681352282.0,tabzhang,5.188.62.174,俄罗斯圣彼得堡
3000.0,1681170612.0,admin,77.222.40.118,俄罗斯圣彼得堡
3102.0,1681121100.0,tabzhang,5.188.62.26,俄罗斯圣彼得堡
3159.0,1681085548.0,tabzhang,5.188.62.21,俄罗斯圣彼得堡
3160.0,1681085547.0,tabzhang,5.188.62.21,俄罗斯圣彼得堡
2874.0,1681067177.0,tabzhang,77.222.40.118,俄罗斯圣彼得堡
17.0,1680956924.0,tabzhang,77.222.40.118,俄罗斯圣彼得堡
2770.0,1680956896.0,tabzhang,77.222.40.118,俄罗斯圣彼得堡
1712.0,1680851560.0,tabzhang,77.222.40.118,俄罗斯圣彼得堡
1950.0,1680826772.0,tabzhang,77.222.40.118,俄罗斯圣彼得堡
2583.0,1680744950.0,tabzhang,77.222.40.118,俄罗斯圣彼得堡
2586.0,1680739739.0,tabzhang,77.222.40.118,俄罗斯圣彼得堡
2395.0,1680095311.0,Credipaginascr,92.53.90.73,俄罗斯圣彼得堡
2311.0,1680008007.0,tabzhang,5.188.62.21,俄罗斯圣彼得堡
2313.0,1680008005.0,tabzhang,5.188.62.21,俄罗斯圣彼得堡
2369.0,1679796300.0,admin,92.53.96.245,俄罗斯圣彼得堡
2225.0,1679716880.0,clubhispano,185.251.88.24,俄罗斯圣彼得堡
2212.0,1679618646.0,tabzhang,5.188.62.140,俄罗斯圣彼得堡
2213.0,1679618646.0,tabzhang,5.188.62.140,俄罗斯圣彼得堡
2037.0,1679567382.0,sakin,188.225.40.162,俄罗斯圣彼得堡
2046.0,1679550166.0,dev@seocupcake.ro,188.225.40.162,俄罗斯圣彼得堡
2055.0,1679533056.0,mardig046,92.53.96.174,俄罗斯圣彼得堡
2109.0,1679404380.0,tabzhang,5.188.62.174,俄罗斯圣彼得堡
2110.0,1679402102.0,theadmin,92.53.96.186,俄罗斯圣彼得堡
2210.0,1679364826.0,tabzhang,5.188.62.26,俄罗斯圣彼得堡
2124.0,1679312323.0,tabzhang,5.188.62.76,俄罗斯圣彼得堡
2132.0,1679302173.0,itsme,92.53.96.245,俄罗斯圣彼得堡
2139.0,1679290786.0,tabzhang,5.188.62.26,俄罗斯圣彼得堡
2140.0,1679290776.0,tabzhang,5.188.62.26,俄罗斯圣彼得堡
2142.0,1679254880.0,tabzhang,5.188.62.174,俄罗斯圣彼得堡
2143.0,1679247393.0,tabzhang,5.188.62.174,俄罗斯圣彼得堡
2144.0,1679149354.0,tabzhang,5.188.62.140,俄罗斯圣彼得堡
2204.0,1679109686.0,tabzhang,5.188.62.76,俄罗斯圣彼得堡
2145.0,1679092326.0,tabzhang,5.188.62.174,俄罗斯圣彼得堡
2201.0,1679070776.0,tabzhang,5.188.62.174,俄罗斯圣彼得堡
2202.0,1679050509.0,tabzhang,5.188.62.21,俄罗斯圣彼得堡
